Workbook

Sheet Accueil
B3: Catégorie générale
B4: Population | H4: Cliquez ici
B5: Densité de population | H5: Cliquez ici
B10: Catégorie Économie et commerce
B11: Nombre d'entreprises | H11: Cliquez ici
B12: Nombre de travailleurs salariés et communes d'origine | H12: Cliquez ici
B17: Éducation
B18: Nombres d'étudiants de l'Uliège, par domicil et kot | H18: Cliquez ici

Sheet Général
A1: Population
A3: Années | B3: 2005 | C3: 2010 | D3: 2015 | E3: 2016 | F3: 2017 | G3: 2018 | H3: 2019 | I3: 2020 | J3: 2021 | K3: 2022 | L3: 2023 | M3: 2024 | N3: 2025 | O3: 2026
A4: Liège Ville | B4: =Back_général!B33 -> 185574 | C4: =Back_général!C33 -> 192504 | D4: =Back_général!D33 -> 195968 | E4: =Back_général!E33 -> 196970 | F4: =Back_général!F33 -> 197885 | G4: =Back_général!G33 -> 197355 | H4: =Back_général!H33 -> 197327 | I4: =Back_général!I33 -> 197217 | ... O4: =Back_général!O33 -> 198044
A5: Agglomération (Liège + Périphérique) | B5: =Back_général!B35 -> 473403 | C5: =Back_général!C35 -> 485243 | D5: =Back_général!D35 -> 496475 | E5: =Back_général!E35 -> 498020 | F5: =Back_général!F35 -> 499871 | G5: =Back_général!G35 -> 500543 | H5: =Back_général!H35 -> 500939 | I5: =Back_général!I35 -> 501547 | ... O5: =Back_général!O35 -> 506483
A6: Région urbaine (Agglo + Banlieue) | B6: =Back_général!B38 -> 596581 | C6: =Back_général!C38 -> 611849 | D6: =Back_général!D38 -> 626900 | E6: =Back_général!E38 -> 628818 | F6: =Back_général!F38 -> 630857 | G6: =Back_général!G38 -> 632101 | H6: =Back_général!H38 -> 632488 | I6: =Back_général!I38 -> 633970 | ... O6: =Back_général!O38 -> 640777
A9: Source | B9: SPF Intérieur
A10: Mise à jour | B10: 46113
A28: Densité de population
A29: Taille du territoire | B29: 68.650677 | C29: km²
A31: Année | B31: 2005 | C31: 2010 | D31: 2015 | E31: 2016 | F31: 2017 | G31: 2018 | H31: 2019 | I31: 2020 | J31: 2021 | K31: 2022 | L31: 2023 | M31: 2024 | N31: 2025 | O31: 2026
A32: Liège Ville | B32: 2674.3 | C32: 2774.2 | D32: 2824.1 | E32: 2838.5 | F32: 2851.7 | G32: 2878.1 | H32: 2874.2 | I32: 2872.8 | J32: 2859.4 | K32: 2844.5 | L32: =L4/$B$29 -> 2845.5073 | M32: =M4/$B$29 -> 2851.8 | N32: =N4/$B$29 -> 2874.3052 | O32: =O4/$B$29 -> 2884.8077
A33: Quartiers
A34: Amercœur | C34: 10051.7 | D34: 10520.7 | E34: 10565.5 | F34: 10506.9 | G34: 10672.4 | H34: 10486.2 | I34: 10382.8 | J34: 10420.7 | K34: 10410.3 | L34: 10427.6 | M34: 10424.1
A35: Angleur | C35: 3318.8 | D35: 3288.7 | E35: 3242.1 | F35: 3257.1 | G35: 3232.3 | H35: 3336.8 | I35: 3434.6 | J35: 3397.7 | K35: 3230.1 | L35: 3255.6 | M35: 3321.8
A36: Belleflamme | C36: 4967.2 | D36: 4903.3 | E36: 4959 | F36: 4983.6 | G36: 4891.8 | H36: 4941 | I36: 4872.1 | J36: 4908.2 | K36: 4909.8 | L36: 4837.7 | M36: 4898.4
A37: Bois-de-Breux | C37: 2368 | D37: 2421.3 | E37: 2407.3 | F37: 2412 | G37: 2396.7 | H37: 2380 | I37: 2498.7 | J37: 2498.7 | K37: 2554.7 | L37: 2581.3 | M37: 2639.3
A38: Bressoux | C38: 18055.2 | D38: 18972.4 | E38: 19024.1 | F38: 18979.3 | G38: 18655.2 | H38: 18179.3 | I38: 18269 | J38: 18069 | K38: 17517.2 | L38: 17606.9 | M38: 17410.3
A39: Bressoux Gare | C39: 5351.5 | D39: 5393.9 | E39: 5584.8 | F39: 5572.7 | G39: 5460.6 | H39: 5421.2 | I39: 5430.3 | J39: 5248.5 | K39: 5169.7 | L39: 5218.2 | M39: 5309.1
A40: Bressoux Quai | C40: 8723.5 | D40: 9358.8 | E40: 9205.9 | F40: 9088.2 | G40: 9088.2 | H40: 8911.8 | I40: 8929.4 | J40: 9123.5 | K40: 9000 | L40: 8900 | M40: 8523.5
A41: Burenville | C41: 4602 | D41: 4629.4 | E41: 4654.9 | F41: 4751 | G41: 4760.8 | H41: 4698 | I41: 4745.1 | J41: 4672.5 | K41: 4662.7 | L41: 4652.9 | M41: 4656.9
A42: Campine | C42: 9090.9 | D42: 8878.8 | E42: 8845.5 | F42: 8778.8 | G42: 8742.4 | H42: 8715.2 | I42: 8715.2 | J42: 8578.8 | K42: 8663.6 | L42: 8497 | M42: 8481.8
A43: Cathédrale Saint-Paul | C43: 10660 | D43: 10725 | E43: 11050 | F43: 11070 | G43: 11025 | H43: 11175 | I43: 11290 | J43: 10940 | K43: 11010 | L43: 11320 | M43: 11375
A44: Chênée | C44: 2822.7 | D44: 2925.8 | E44: 2893 | F44: 2901.6 | G44: 2883.6 | H44: 2907.8 | I44: 2840.6 | J44: 2813.3 | K44: 2762.5 | L44: 2746.9 | M44: 2778.9
A45: Chênée Gare | C45: 2765.5 | D45: 2775 | E45: 2760.7 | F45: 2781 | G45: 2769 | H45: 2719 | I45: 2700 | J45: 2697.6 | K45: 2270.2 | L45: 2383.3 | M45: 2513.1
... A114: Xhovémont | C114: 3214.7 | D114: 2991.2 | E114: 3029.4 | F114: 3082.4 | G114: 3094.1 | H114: 3138.2 | I114: 3126.5 | J114: 3158.8 | K114: 3229.4 | L114: 3258.8 | M114: 3141.2
A117: Source | B117: Walstat
A118: Mise à jour | B118: 46113

Sheet Back_général
A1: Population
A2: Commune | B2: 2005 | C2: 2010 | D2: 2015 | E2: 2016 | F2: 2017 | G2: 2018 | H2: 2019 | I2: 2020 | J2: 2021 | K2: 2022 | L2: 2023 | M2: 2024 | N2: 2025 | O2: 2026
A3: Ans | B3: 27350 | C3: 27638 | D3: 28263 | E3: 28159 | F3: 28314 | G3: 28238 | H3: 28373 | I3: 28598 | J3: 28503 | K3: 28625 | L3: 28764 | M3: 28989 | N3: 29110 | O3: 29244
A4: Awans | B4: 8642 | C4: 8888 | D4: 9201 | E4: 9240 | F4: 9259 | G4: 9353 | H4: 9318 | I4: 9243 | J4: 9207 | K4: 9152 | L4: 9231 | M4: 9344 | N4: 9373 | O4: 9373
A5: Bassenge | B5: 8298 | C5: 8635 | D5: 8986 | E5: 8994 | F5: 9003 | G5: 8986 | H5: 8905 | I5: 8931 | J5: 8942 | K5: 8988 | L5: 9052 | M5: 9028 | N5: 9053 | O5: 9034
A6: Beyne-Heusay | B6: 11661 | C6: 11937 | D6: 12051 | E6: 12096 | F6: 12011 | G6: 12019 | H6: 11929 | I6: 11891 | J6: 11962 | K6: 11948 | L6: 11996 | M6: 12018 | N6: 11977 | O6: 11965
A7: Blegny | B7: 12654 | C7: 13135 | D7: 13218 | E7: 13212 | F7: 13212 | G7: 13300 | H7: 13292 | I7: 13387 | J7: 13382 | K7: 13395 | L7: 13440 | M7: 13482 | N7: 13579 | O7: 13608
A8: Chaudfontaine | B8: 20996 | C8: 20865 | D8: 21001 | E8: 20766 | F8: 20885 | G8: 20935 | H8: 20800 | I8: 20855 | J8: 20807 | K8: 20556 | L8: 20572 | M8: 20600 | N8: 20523 | O8: 20521
A9: Crisnée | B9: 2737 | C9: 2957 | D9: 3215 | E9: 3254 | F9: 3323 | G9: 3352 | H9: 3412 | I9: 3465 | J9: 3496 | K9: 3517 | L9: 3540 | M9: 3539 | N9: 3573 | O9: 3592
A10: Engis | B10: 5690 | C10: 5774 | D10: 5982 | E10: 6018 | F10: 6050 | G10: 6122 | H10: 6138 | I10: 6209 | J10: 6207 | K10: 6269 | L10: 6310 | M10: 6296 | N10: 6391 | O10: 6326
A11: Esneux | B11: 13167 | C11: 13188 | D11: 13094 | E11: 13037 | F11: 12986 | G11: 12889 | H11: 12917 | I11: 13015 | J11: 13018 | K11: 12865 | L11: 12800 | M11: 12827 | N11: 12794 | O11: 12778
A12: Fexhe-le-Haut-Clocher | B12: 3028 | C12: 3107 | D12: 3250 | E12: 3254 | F12: 3240 | G12: 3263 | H12: 3233 | I12: 3216 | J12: 3269 | K12: 3327 | L12: 3429 | M12: 3426 | N12: 3399 | O12: 3407
A13: Flémalle | B13: 25193 | C13: 25016 | D13: 26061 | E13: 26058 | F13: 26166 | G13: 26174 | H13: 26304 | I13: 26389 | J13: 26402 | K13: 26677 | L13: 26850 | M13: 27002 | N13: 27045 | O13: 27158
... A30: Visé | B30: 16870 | C30: 17009 | D30: 17572 | E30: 17748 | F30: 17759 | G30: 17767 | H30: 17812 | I30: 17926 | J30: 17865 | K30: 17973 | L30: 18060 | M30: 18154 | N30: 18110 | O30: 18079
A33: Liège | B33: =B18 -> 185574 | C33: =C18 -> 192504 | D33: =D18 -> 195968 | E33: =E18 -> 196970 | F33: =F18 -> 197885 | G33: =G18 -> 197355 | H33: =H18 -> 197327 | I33: =I18 -> 197217 | ... O33: =O18 -> 198044
A34: Total Périphérie | B34: =B3+B6+B8+B10+B13+B14+B15+B16+B23+B25+B26+B27 -> 287829 | C34: =C3+C6+C8+C10+C13+C14+C15+C16+C23+C25+C26+C27 -> 292739 | D34: =D3+D6+D8+D10+D13+D14+D15+D16+D23+D25+D26+D27 -> 300507 | E34: =E3+E6+E8+E10+E13+E14+E15+E16+E23+E25+E26+E27 -> 301050 | F34: =F3+F6+F8+F10+F13+F14+F15+F16+F23+F25+F26+F27 -> 301986 | G34: =G3+G6+G8+G10+G13+G14+G15+G16+G23+G25+G26+G27 -> 303188 | H34: =H3+H6+H8+H10+H13+H14+H15+H16+H23+H25+H26+H27 -> 303612 | I34: =I3+I6+I8+I10+I13+I14+I15+I16+I23+I25+I26+I27 -> 304330 | ... O34: =O3+O6+O8+O10+O13+O14+O15+O16+O23+O25+O26+O27 -> 308439
A35: Liège + Périphérie | B35: =B33+B34 -> 473403 | C35: =C33+C34 -> 485243 | D35: =D33+D34 -> 496475 | E35: =E33+E34 -> 498020 | F35: =F33+F34 -> 499871 | G35: =G33+G34 -> 500543 | H35: =H33+H34 -> 500939 | I35: =I33+I34 -> 501547 | ... O35: =O33+O34 -> 506483
A37: Total Banlieue | B37: =B4+B5+B7+B9+B11+B12+B17+B19+B20+B21+B22+B24+B28+B29+B30 -> 123178 | C37: =C4+C5+C7+C9+C11+C12+C17+C19+C20+C21+C22+C24+C28+C29+C30 -> 126606 | D37: =D4+D5+D7+D9+D11+D12+D17+D19+D20+D21+D22+D24+D28+D29+D30 -> 130425 | E37: =E4+E5+E7+E9+E11+E12+E17+E19+E20+E21+E22+E24+E28+E29+E30 -> 130798 | F37: =F4+F5+F7+F9+F11+F12+F17+F19+F20+F21+F22+F24+F28+F29+F30 -> 130986 | G37: =G4+G5+G7+G9+G11+G12+G17+G19+G20+G21+G22+G24+G28+G29+G30 -> 131558 | H37: =H4+H5+H7+H9+H11+H12+H17+H19+H20+H21+H22+H24+H28+H29+H30 -> 131549 | I37: =I4+I5+I7+I9+I11+I12+I17+I19+I20+I21+I22+I24+I28+I29+I30 -> 132423 | ... O37: =O4+O5+O7+O9+O11+O12+O17+O19+O20+O21+O22+O24+O28+O29+O30 -> 134294
A38: Total Région urbaine | B38: =B35+B37 -> 596581 | C38: =C35+C37 -> 611849 | D38: =D35+D37 -> 626900 | E38: =E35+E37 -> 628818 | F38: =F35+F37 -> 630857 | G38: =G35+G37 -> 632101 | H38: =H35+H37 -> 632488 | I38: =I35+I37 -> 633970 | ... O38: =O35+O37 -> 640777

Sheet E&C
A1: Nombre d'entreprises
B2: 2005 | C2: 2010 | D2: 2015 | E2: 2016 | F2: 2017 | G2: 2018 | H2: 2019 | I2: 2020 | J2: 2021 | K2: 2022 | L2: 2023 | M2: 2024 | N2: 2025 | O2: 2026
A3: Entreprises | C3: 9918 | D3: 10968 | E3: 11142 | F3: 11561 | G3: 11751 | H3: 11959 | I3: 12088 | J3: 12407 | K3: 12951 | L3: 12928 | M3: 13127
A4: Créations | C4: 1214 | D4: 1276 | E4: 1339 | F4: 1339 | G4: 1344 | H4: 1330 | I4: 1255 | J4: 1288 | K4: 1668 | L4: 1307 | M4: 1421
A5: Radiations | C5: 1084 | D5: 1125 | E5: 1050 | F5: 895 | G5: 1080 | H5: 1030 | I5: 970 | J5: 879 | K5: 1033 | L5: 1211 | M5: 1205
A7: ASBL | C7: 480 | D7: 492 | E7: 514 | F7: 535 | G7: 554 | H7: 576 | I7: 597 | J7: 594 | K7: 601 | L7: 582 | M7: 580
A25: Source | B25: Statbel
A26: Mise à jour | B26: 46114
A29: Nombre de travailleurs salariés à Liège et communes d'origine
A31: Chiffres bruts | B31: 2020 | C31: 2021 | D31: 2022 | E31: 2023 | F31: 2024
A32: Liège Ville | B32: ='Back_E&C'!B35 -> 27576.647 | D32: ='Back_E&C'!F35 -> 28576 | E32: ='Back_E&C'!H35 -> 29740
A33: Périphérie | B33: ='Back_E&C'!B36 -> 28467.676 | D33: ='Back_E&C'!F36 -> 29057 | E33: ='Back_E&C'!H36 -> 29727
A34: Banlieue | B34: ='Back_E&C'!B37 -> 13428.243 | D34: ='Back_E&C'!F37 -> 13354 | E34: ='Back_E&C'!H37 -> 13666
A35: Total Région urbaine | B35: =SUM(B32:B34) -> 69472.566 | D35: =SUM(D32:D34) -> 70987 | E35: =SUM(E32:E34) -> 73133
A37: Autres communes | B37: ='Back_E&C'!B38 -> 24672.434 | D37: ='Back_E&C'!F38 -> 23957 | E37: ='Back_E&C'!H38 -> 24488
A38: Total | B38: =B35+B37 -> 94145 | D38: =SUM(D35+D37) -> 94944 | E38: =SUM(E35+E37) -> 97621
A41: Pourcentages | B41: 2020 | C41: 2021 | D41: 2022 | E41: 2023 | F41: 2024
A42: Liège Ville | B42: ='Back_E&C'!C35 -> 0.29291674 | D42: ='Back_E&C'!G35 -> 0.30097742 | E42: ='Back_E&C'!I35 -> 0.30464757
A43: Périphérie | B43: ='Back_E&C'!C36 -> 0.30238118 | D43: ='Back_E&C'!G36 -> 0.30604356 | E43: ='Back_E&C'!I36 -> 0.3045144
A44: Banlieue | B44: ='Back_E&C'!C37 -> 0.14263363 | D44: ='Back_E&C'!G37 -> 0.14065133 | E44: ='Back_E&C'!I37 -> 0.13999037
A45: Total Région urbaine | B45: =SUM(B42:B44) -> 0.73793156 | D45: =SUM(D42:D44) -> 0.74767231 | E45: =SUM(E42:E44) -> 0.74915233
A47: Autres communes | B47: ='Back_E&C'!C38 -> 0.26206844 | D47: ='Back_E&C'!G38 -> 0.25232769 | E47: ='Back_E&C'!I38 -> 0.25084767
A48: Total | B48: =B45+B47 -> 1 | D48: =D45+D47 -> 1 | E48: =E45+E47 -> 1
A51: Source : | B51: Mind it & ONSS
A52: Mise à jour : | B52: 46119

Sheet Educ
A1: Étudiants de l'Uliège, par domicile et kot
C3: 2020-2021 | D3: 2021-2022 | E3: 2022-2023 | F3: 2023-2024 | G3: 2024-2025
A4: Domicile à Liège | B4: Kot à Liège | C4: 193 | D4: 211 | E4: 217 | F4: 195 | G4: 184
B5: Pas de kot à Liège | C5: 4773 | D5: 4935 | E5: 4777 | F5: 4746 | G5: 4796
A6: Total domicile à Liège | C6: 4966 | D6: 5146 | E6: 4994 | F6: 4941 | G6: 4980
A8: Pas de domicile à Liège | B8: Kot à Liège | C8: 2989 | D8: 3348 | E8: 3437 | F8: 3230 | G8: 3223
B9: Pas de kot à Liège | C9: 18372 | D9: 19224 | E9: 19378 | F9: 18402 | G9: 18541
A10: Total Pas de domicile à Liège | C10: 21361 | D10: 22572 | E10: 22815 | F10: 21632 | G10: 21764
A12: Nombre total d'étudiants | C12: 26327 | D12: 27718 | E12: 27809 | F12: 26573 | G12: 26744
A14: Nombre d'étudiants vivant à Liège | C14: =C6+C8 -> 7955 | D14: =D6+D8 -> 8494 | E14: =E6+E8 -> 8431 | F14: =F6+F8 -> 8171 | G14: =G6+G8 -> 8203
A15: Part des étudiants vivant à Liège | C15: =C14/C12 -> 0.30216128 | D15: =D14/D12 -> 0.30644347 | E15: =E14/E12 -> 0.30317523 | F15: =F14/F12 -> 0.30749257 | G15: =G14/G12 -> 0.306723
A18: Source | B18: Service RADIUS, ULiège
A19: Mise à jour | B19: 46121

Sheet Back_E&C
A1: Nombre de travailleurs salariés et communes d'origine
B2: 2020 | D2: 2021 | F2: 2022 | H2: 2023 | J2: 2024
B3: Chiffres | C3: % | D3: Chiffres | E3: % | F3: Chiffres | G3: % | H3: Chiffres | I3: % | J3: Chiffres | K3: %
A4: ANS | B4: 3013.0692 | C4: =B4/B$40 -> 0.032004559 | F4: 3096 | G4: =F4/F$40 -> 0.032608696 | H4: 3159 | I4: =H4/H$40 -> 0.032359841
A5: AWANS | B5: 932.0181 | C5: =B5/B$40 -> 0.0098998152 | F5: 957 | G5: =F5/F$40 -> 0.010079626 | H5: 1009 | I5: =H5/H$40 -> 0.010335891
A6: BASSENGE | B6: 798.01577 | C6: =B6/B$40 -> 0.0084764541 | F6: 763 | G6: =F6/F$40 -> 0.0080363161 | H6: 771 | I6: =H6/H$40 -> 0.0078978908
A7: BEYNE-HEUSAY | B7: 1477.0342 | C7: =B7/B$40 -> 0.015688929 | F7: 1491 | G7: =F7/F$40 -> 0.015703994 | H7: 1534 | I7: =H7/H$40 -> 0.015713832
A8: BLEGNY | B8: 1369.0245 | C8: =B8/B$40 -> 0.01454166 | F8: 1346 | G8: =F8/F$40 -> 0.014176778 | H8: 1380 | I8: =H8/H$40 -> 0.014136303
A9: CHAUDFONTAINE | B9: 2385.0416 | C9: =B9/B$40 -> 0.025333705 | F9: 2317 | G9: =F9/F$40 -> 0.024403859 | H9: 2384 | I9: =H9/H$40 -> 0.024420975
A10: CRISNEE | B10: 359.00619 | C10: =B10/B$40 -> 0.0038133325 | F10: 345 | G10: =F10/F$40 -> 0.0036337209 | H10: 349 | I10: =H10/H$40 -> 0.0035750505
A11: ENGIS | B11: 377.00885 | C11: =B11/B$40 -> 0.0040045552 | F11: 394 | G11: =F11/F$40 -> 0.0041498146 | H11: 401 | I11: =H11/H$40 -> 0.0041077227
A12: ESNEUX | B12: 1626.0269 | C12: =B12/B$40 -> 0.017271516 | F12: 1604 | G12: =F12/F$40 -> 0.016894169 | H12: 1629 | I12: =H12/H$40 -> 0.016686983
A13: FEXHE-LE-HAUT-CLOCHER | B13: 350.00619 | C13: =B13/B$40 -> 0.0037177353 | F13: 385 | G13: =F13/F$40 -> 0.0040550219 | H13: 394 | I13: =H13/H$40 -> 0.0040360168
A14: FLEMALLE | B14: 2135.0513 | C14: =B14/B$40 -> 0.022678329 | F14: 2190 | G14: =F14/F$40 -> 0.023066229 | H14: 2255 | I14: =H14/H$40 -> 0.023099538
A15: FLERON | B15: 1694.0371 | C15: =B15/B$40 -> 0.017993914 | F15: 1701 | G15: =F15/F$40 -> 0.017915824 | H15: 1748 | I15: =H15/H$40 -> 0.017905983
... A31: VISE | B31: 1522.0311 | C31: =B31/B$40 -> 0.016166882 | F31: 1532 | G31: =F31/F$40 -> 0.016135827 | H31: 1550 | I31: =H31/H$40 -> 0.015877731
A35: Liège | B35: =SUMIF($A4:$A31,"Liege",B4:B31) -> 27576.647 | C35: =SUMIF($A4:$A31,"Liege",C4:C31) -> 0.29291674 | D35: =SUMIF($A4:$A31,"Liege",D4:D31) -> 0 | E35: =SUMIF($A4:$A31,"Liege",E4:E31) -> 0 | F35: =SUMIF($A4:$A31,"Liege",F4:F31) -> 28576 | G35: =SUMIF($A4:$A31,"Liege",G4:G31) -> 0.30097742 | H35: =SUMIF($A4:$A31,"Liege",H4:H31) -> 29740 | I35: =SUMIF($A4:$A31,"Liege",I4:I31) -> 0.30464757 | ... K35: =SUMIF($A4:$A31,"Liege",K4:K31) -> 0
A36: Total Aglomération | B36: =SUMIF($A:$A, "Seraing", B:B)+SUMIF($A:$A, "Herstal", B:B)+SUMIF($A:$A, "Ans", B:B)+SUMIF($A:$A, "Saint-Nicolas (liege)", B:B)+SUMIF($A:$A, "chaudfontaine", B:B)+SUMIF($A:$A, "grace-hollogne", B:B)+SUMIF($A:$A, "flemalle", B:B)+SUMIF($A:$A, "oupeye", B:B)+SUMIF($A:$A, "fleron", B:B)+SUMIF($A:$A, "Soumagne", B:B)+SUMIF($A:$A, "beyne-heusay", B:B)+SUMIF($A:$A, "engis", B:B) -> 28467.676 | C36: =SUMIF($A:$A, "Seraing", C:C)+SUMIF($A:$A, "Herstal", C:C)+SUMIF($A:$A, "Ans", C:C)+SUMIF($A:$A, "Saint-Nicolas (liege)", C:C)+SUMIF($A:$A, "chaudfontaine", C:C)+SUMIF($A:$A, "grace-hollogne", C:C)+SUMIF($A:$A, "flemalle", C:C)+SUMIF($A:$A, "oupeye", C:C)+SUMIF($A:$A, "fleron", C:C)+SUMIF($A:$A, "Soumagne", C:C)+SUMIF($A:$A, "beyne-heusay", C:C)+SUMIF($A:$A, "engis", C:C) -> 0.30238118 | D36: =SUMIF($A:$A, "Seraing", D:D)+SUMIF($A:$A, "Herstal", D:D)+SUMIF($A:$A, "Ans", D:D)+SUMIF($A:$A, "Saint-Nicolas (liege)", D:D)+SUMIF($A:$A, "chaudfontaine", D:D)+SUMIF($A:$A, "grace-hollogne", D:D)+SUMIF($A:$A, "flemalle", D:D)+SUMIF($A:$A, "oupeye", D:D)+SUMIF($A:$A, "fleron", D:D)+SUMIF($A:$A, "Soumagne", D:D)+SUMIF($A:$A, "beyne-heusay", D:D)+SUMIF($A:$A, "engis", D:D) -> 0 | E36: =SUMIF($A:$A, "Seraing", E:E)+SUMIF($A:$A, "Herstal", E:E)+SUMIF($A:$A, "Ans", E:E)+SUMIF($A:$A, "Saint-Nicolas (liege)", E:E)+SUMIF($A:$A, "chaudfontaine", E:E)+SUMIF($A:$A, "grace-hollogne", E:E)+SUMIF($A:$A, "flemalle", E:E)+SUMIF($A:$A, "oupeye", E:E)+SUMIF($A:$A, "fleron", E:E)+SUMIF($A:$A, "Soumagne", E:E)+SUMIF($A:$A, "beyne-heusay", E:E)+SUMIF($A:$A, "engis", E:E) -> 0 | F36: =SUMIF($A:$A, "Seraing", F:F)+SUMIF($A:$A, "Herstal", F:F)+SUMIF($A:$A, "Ans", F:F)+SUMIF($A:$A, "Saint-Nicolas (liege)", F:F)+SUMIF($A:$A, "chaudfontaine", F:F)+SUMIF($A:$A, "grace-hollogne", F:F)+SUMIF($A:$A, "flemalle", F:F)+SUMIF($A:$A, "oupeye", F:F)+SUMIF($A:$A, "fleron", F:F)+SUMIF($A:$A, "Soumagne", F:F)+SUMIF($A:$A, "beyne-heusay", F:F)+SUMIF($A:$A, "engis", F:F) -> 29057 | G36: =SUMIF($A:$A, "Seraing", G:G)+SUMIF($A:$A, "Herstal", G:G)+SUMIF($A:$A, "Ans", G:G)+SUMIF($A:$A, "Saint-Nicolas (liege)", G:G)+SUMIF($A:$A, "chaudfontaine", G:G)+SUMIF($A:$A, "grace-hollogne", G:G)+SUMIF($A:$A, "flemalle", G:G)+SUMIF($A:$A, "oupeye", G:G)+SUMIF($A:$A, "fleron", G:G)+SUMIF($A:$A, "Soumagne", G:G)+SUMIF($A:$A, "beyne-heusay", G:G)+SUMIF($A:$A, "engis", G:G) -> 0.30604356 | H36: =SUMIF($A:$A, "Seraing", H:H)+SUMIF($A:$A, "Herstal", H:H)+SUMIF($A:$A, "Ans", H:H)+SUMIF($A:$A, "Saint-Nicolas (liege)", H:H)+SUMIF($A:$A, "chaudfontaine", H:H)+SUMIF($A:$A, "grace-hollogne", H:H)+SUMIF($A:$A, "flemalle", H:H)+SUMIF($A:$A, "oupeye", H:H)+SUMIF($A:$A, "fleron", H:H)+SUMIF($A:$A, "Soumagne", H:H)+SUMIF($A:$A, "beyne-heusay", H:H)+SUMIF($A:$A, "engis", H:H) -> 29727 | I36: =SUMIF($A:$A, "Seraing", I:I)+SUMIF($A:$A, "Herstal", I:I)+SUMIF($A:$A, "Ans", I:I)+SUMIF($A:$A, "Saint-Nicolas (liege)", I:I)+SUMIF($A:$A, "chaudfontaine", I:I)+SUMIF($A:$A, "grace-hollogne", I:I)+SUMIF($A:$A, "flemalle", I:I)+SUMIF($A:$A, "oupeye", I:I)+SUMIF($A:$A, "fleron", I:I)+SUMIF($A:$A, "Soumagne", I:I)+SUMIF($A:$A, "beyne-heusay", I:I)+SUMIF($A:$A, "engis", I:I) -> 0.3045144 | J36: =SUMIF($A:$A, "Seraing", J:J)+SUMIF($A:$A, "Herstal", J:J)+SUMIF($A:$A, "Ans", J:J)+SUMIF($A:$A, "Saint-Nicolas (liege)", J:J)+SUMIF($A:$A, "chaudfontaine", J:J)+SUMIF($A:$A, "grace-hollogne", J:J)+SUMIF($A:$A, "flemalle", J:J)+SUMIF($A:$A, "oupeye", J:J)+SUMIF($A:$A, "fleron", J:J)+SUMIF($A:$A, "Soumagne", J:J)+SUMIF($A:$A, "beyne-heusay", J:J)+SUMIF($A:$A, "engis", J:J) -> 0 | K36: =SUMIF($A:$A, "Seraing", K:K)+SUMIF($A:$A, "Herstal", K:K)+SUMIF($A:$A, "Ans", K:K)+SUMIF($A:$A, "Saint-Nicolas (liege)", K:K)+SUMIF($A:$A, "chaudfontaine", K:K)+SUMIF($A:$A, "grace-hollogne", K:K)+SUMIF($A:$A, "flemalle", K:K)+SUMIF($A:$A, "oupeye", K:K)+SUMIF($A:$A, "fleron", K:K)+SUMIF($A:$A, "Soumagne", K:K)+SUMIF($A:$A, "beyne-heusay", K:K)+SUMIF($A:$A, "engis", K:K) -> 0
A37: Total Banlieue | B37: =SUMIF($A:$A, "Esneux", B:B)+SUMIF($A:$A, "Sprimont", B:B)+SUMIF($A:$A, "blegny", B:B)+SUMIF($A:$A, "vise", B:B)+SUMIF($A:$A, "neupre", B:B)+SUMIF($A:$A, "juprelle", B:B)+SUMIF($A:$A, "trooz", B:B)+SUMIF($A:$A, "awans", B:B)+SUMIF($A:$A, "nandrin", B:B)+SUMIF($A:$A, "bassenge", B:B)+SUMIF($A:$A, "saint-georges-sur-meuse", B:B)+SUMIF($A:$A, "olne", B:B)+SUMIF($A:$A, "fexhe-le-haut-clocher", B:B)+SUMIF($A:$A, "crisnee", B:B)+SUMIF($A:$A, "oreye", B:B) -> 13428.243 | C37: =SUMIF($A:$A, "Esneux", C:C)+SUMIF($A:$A, "Sprimont", C:C)+SUMIF($A:$A, "blegny", C:C)+SUMIF($A:$A, "vise", C:C)+SUMIF($A:$A, "neupre", C:C)+SUMIF($A:$A, "juprelle", C:C)+SUMIF($A:$A, "trooz", C:C)+SUMIF($A:$A, "awans", C:C)+SUMIF($A:$A, "nandrin", C:C)+SUMIF($A:$A, "bassenge", C:C)+SUMIF($A:$A, "saint-georges-sur-meuse", C:C)+SUMIF($A:$A, "olne", C:C)+SUMIF($A:$A, "fexhe-le-haut-clocher", C:C)+SUMIF($A:$A, "crisnee", C:C)+SUMIF($A:$A, "oreye", C:C) -> 0.14263363 | D37: =SUMIF($A:$A, "Esneux", D:D)+SUMIF($A:$A, "Sprimont", D:D)+SUMIF($A:$A, "blegny", D:D)+SUMIF($A:$A, "vise", D:D)+SUMIF($A:$A, "neupre", D:D)+SUMIF($A:$A, "juprelle", D:D)+SUMIF($A:$A, "trooz", D:D)+SUMIF($A:$A, "awans", D:D)+SUMIF($A:$A, "nandrin", D:D)+SUMIF($A:$A, "bassenge", D:D)+SUMIF($A:$A, "saint-georges-sur-meuse", D:D)+SUMIF($A:$A, "olne", D:D)+SUMIF($A:$A, "fexhe-le-haut-clocher", D:D)+SUMIF($A:$A, "crisnee", D:D)+SUMIF($A:$A, "oreye", D:D) -> 0 | E37: =SUMIF($A:$A, "Esneux", E:E)+SUMIF($A:$A, "Sprimont", E:E)+SUMIF($A:$A, "blegny", E:E)+SUMIF($A:$A, "vise", E:E)+SUMIF($A:$A, "neupre", E:E)+SUMIF($A:$A, "juprelle", E:E)+SUMIF($A:$A, "trooz", E:E)+SUMIF($A:$A, "awans", E:E)+SUMIF($A:$A, "nandrin", E:E)+SUMIF($A:$A, "bassenge", E:E)+SUMIF($A:$A, "saint-georges-sur-meuse", E:E)+SUMIF($A:$A, "olne", E:E)+SUMIF($A:$A, "fexhe-le-haut-clocher", E:E)+SUMIF($A:$A, "crisnee", E:E)+SUMIF($A:$A, "oreye", E:E) -> 0 | F37: =SUMIF($A:$A, "Esneux", F:F)+SUMIF($A:$A, "Sprimont", F:F)+SUMIF($A:$A, "blegny", F:F)+SUMIF($A:$A, "vise", F:F)+SUMIF($A:$A, "neupre", F:F)+SUMIF($A:$A, "juprelle", F:F)+SUMIF($A:$A, "trooz", F:F)+SUMIF($A:$A, "awans", F:F)+SUMIF($A:$A, "nandrin", F:F)+SUMIF($A:$A, "bassenge", F:F)+SUMIF($A:$A, "saint-georges-sur-meuse", F:F)+SUMIF($A:$A, "olne", F:F)+SUMIF($A:$A, "fexhe-le-haut-clocher", F:F)+SUMIF($A:$A, "crisnee", F:F)+SUMIF($A:$A, "oreye", F:F) -> 13354 | G37: =SUMIF($A:$A, "Esneux", G:G)+SUMIF($A:$A, "Sprimont", G:G)+SUMIF($A:$A, "blegny", G:G)+SUMIF($A:$A, "vise", G:G)+SUMIF($A:$A, "neupre", G:G)+SUMIF($A:$A, "juprelle", G:G)+SUMIF($A:$A, "trooz", G:G)+SUMIF($A:$A, "awans", G:G)+SUMIF($A:$A, "nandrin", G:G)+SUMIF($A:$A, "bassenge", G:G)+SUMIF($A:$A, "saint-georges-sur-meuse", G:G)+SUMIF($A:$A, "olne", G:G)+SUMIF($A:$A, "fexhe-le-haut-clocher", G:G)+SUMIF($A:$A, "crisnee", G:G)+SUMIF($A:$A, "oreye", G:G) -> 0.14065133 | H37: =SUMIF($A:$A, "Esneux", H:H)+SUMIF($A:$A, "Sprimont", H:H)+SUMIF($A:$A, "blegny", H:H)+SUMIF($A:$A, "vise", H:H)+SUMIF($A:$A, "neupre", H:H)+SUMIF($A:$A, "juprelle", H:H)+SUMIF($A:$A, "trooz", H:H)+SUMIF($A:$A, "awans", H:H)+SUMIF($A:$A, "nandrin", H:H)+SUMIF($A:$A, "bassenge", H:H)+SUMIF($A:$A, "saint-georges-sur-meuse", H:H)+SUMIF($A:$A, "olne", H:H)+SUMIF($A:$A, "fexhe-le-haut-clocher", H:H)+SUMIF($A:$A, "crisnee", H:H)+SUMIF($A:$A, "oreye", H:H) -> 13666 | I37: =SUMIF($A:$A, "Esneux", I:I)+SUMIF($A:$A, "Sprimont", I:I)+SUMIF($A:$A, "blegny", I:I)+SUMIF($A:$A, "vise", I:I)+SUMIF($A:$A, "neupre", I:I)+SUMIF($A:$A, "juprelle", I:I)+SUMIF($A:$A, "trooz", I:I)+SUMIF($A:$A, "awans", I:I)+SUMIF($A:$A, "nandrin", I:I)+SUMIF($A:$A, "bassenge", I:I)+SUMIF($A:$A, "saint-georges-sur-meuse", I:I)+SUMIF($A:$A, "olne", I:I)+SUMIF($A:$A, "fexhe-le-haut-clocher", I:I)+SUMIF($A:$A, "crisnee", I:I)+SUMIF($A:$A, "oreye", I:I) -> 0.13999037 | J37: =SUMIF($A:$A, "Esneux", J:J)+SUMIF($A:$A, "Sprimont", J:J)+SUMIF($A:$A, "blegny", J:J)+SUMIF($A:$A, "vise", J:J)+SUMIF($A:$A, "neupre", J:J)+SUMIF($A:$A, "juprelle", J:J)+SUMIF($A:$A, "trooz", J:J)+SUMIF($A:$A, "awans", J:J)+SUMIF($A:$A, "nandrin", J:J)+SUMIF($A:$A, "bassenge", J:J)+SUMIF($A:$A, "saint-georges-sur-meuse", J:J)+SUMIF($A:$A, "olne", J:J)+SUMIF($A:$A, "fexhe-le-haut-clocher", J:J)+SUMIF($A:$A, "crisnee", J:J)+SUMIF($A:$A, "oreye", J:J) -> 0 | K37: =SUMIF($A:$A, "Esneux", K:K)+SUMIF($A:$A, "Sprimont", K:K)+SUMIF($A:$A, "blegny", K:K)+SUMIF($A:$A, "vise", K:K)+SUMIF($A:$A, "neupre", K:K)+SUMIF($A:$A, "juprelle", K:K)+SUMIF($A:$A, "trooz", K:K)+SUMIF($A:$A, "awans", K:K)+SUMIF($A:$A, "nandrin", K:K)+SUMIF($A:$A, "bassenge", K:K)+SUMIF($A:$A, "saint-georges-sur-meuse", K:K)+SUMIF($A:$A, "olne", K:K)+SUMIF($A:$A, "fexhe-le-haut-clocher", K:K)+SUMIF($A:$A, "crisnee", K:K)+SUMIF($A:$A, "oreye", K:K) -> 0
A38: Autres communes | B38: 24672.434 | C38: 0.26206844 | F38: 23957 | G38: 0.25232769 | H38: 24488 | I38: 0.25084767
A40: Total | B40: =SUM(B35:B38) -> 94145 | C40: =SUM(C35:C38) -> 1 | D40: =SUM(D35:D38) -> 0 | E40: =SUM(E35:E38) -> 0 | F40: =SUM(F35:F38) -> 94944 | G40: =SUM(G35:G38) -> 1 | H40: =SUM(H35:H38) -> 97621 | I40: =SUM(I35:I38) -> 1 | ... K40: =SUM(K35:K38) -> 0

Sheet CTP
A1: infos
A2: https://owt.tourismewallonie.be/telechargement/liege/
